model,checkpoint,field,mean_percent,sample_sd_percent
W-PINN,best,w,9.153366093452107,0.16537748892996695
W-PINN,best,Mx,10.423105102839857,0.08751549581456725
W-PINN,best,My,9.31737813507272,0.15344080081991407
W-PINN,best,Mxy,9.517648748400958,0.1468471768174113
W-PINN,best,Qx,11.59310751091264,0.27881971949606316
W-PINN,best,Qy,10.025236418601034,0.15123977751898066
W-PINN,best,six_field_mean,10.00497366821322,0.14223027357696494
W-PINN,final,w,10.9829286953396,0.8905019823531755
W-PINN,final,Mx,11.633534552764948,0.5460350176748601
W-PINN,final,My,11.025454349057014,0.8393513228326752
W-PINN,final,Mxy,11.199066761680337,0.8089950571304527
W-PINN,final,Qx,11.668984375935294,0.2613890818382061
W-PINN,final,Qy,11.006577031495935,0.5830091681533933
W-PINN,final,six_field_mean,11.252757627712187,0.6533315437238403
MO4-PINN,best,w,10.87144758754504,0.552270114132464
MO4-PINN,best,Mx,16.936402832511252,1.8901266573880775
MO4-PINN,best,My,11.98959589534572,0.6301813171125814
MO4-PINN,best,Mxy,12.49194067330629,0.5737634165649025
MO4-PINN,best,Qx,28.4156887249529,4.049556785528555
MO4-PINN,best,Qy,16.135242858636435,0.7335583203766702
MO4-PINN,best,six_field_mean,16.14005309538294,1.1937635911921805
MO4-PINN,final,w,11.060942155975505,1.380368086915765
MO4-PINN,final,Mx,20.68640573782841,2.398349218027312
MO4-PINN,final,My,13.007596594180756,1.9117583020458804
MO4-PINN,final,Mxy,13.54059959924182,1.922903311460089
MO4-PINN,final,Qx,32.44237041374154,2.1921819225826544
MO4-PINN,final,Qy,17.626352470128015,2.293746154406508
MO4-PINN,final,six_field_mean,18.060711161849344,1.9209487199074733
Mixed-1B,best,w,3.1894947651182037,1.1026993264766667
Mixed-1B,best,Mx,4.513256188485351,1.9707586672157078
Mixed-1B,best,My,3.0993889153828427,1.5014390071157424
Mixed-1B,best,Mxy,4.853392359908024,2.33952995999791
Mixed-1B,best,Qx,11.574054167521554,4.745953369851891
Mixed-1B,best,Qy,3.6463357680588913,1.8976634927835834
Mixed-1B,best,six_field_mean,5.145987027412478,2.2588890885864106
Mixed-1B,final,w,3.175556390682282,1.1138755404628553
Mixed-1B,final,Mx,4.536406718619975,1.9501900887761014
Mixed-1B,final,My,3.2728312536603146,1.3514936260477817
Mixed-1B,final,Mxy,4.840656895414912,2.35122744335331
Mixed-1B,final,Qx,11.60402496334609,4.7201356738005735
Mixed-1B,final,Qy,3.6559259535483233,1.8893899883816319
Mixed-1B,final,six_field_mean,5.180900362545316,2.22889498131018
Mixed-3B,best,w,3.6399027001392787,0.9466347243256482
Mixed-3B,best,Mx,4.8688975397655385,1.066553044554467
Mixed-3B,best,My,3.9553353407128324,1.4434701912224988
Mixed-3B,best,Mxy,5.565083182190396,1.54702446010151
Mixed-3B,best,Qx,13.924422932969875,2.6288910099068614
Mixed-3B,best,Qy,5.642331783264453,2.0939628665925034
Mixed-3B,best,six_field_mean,6.265995579840396,1.612135343857382
Mixed-3B,final,w,3.6923122417184095,0.9219146751477773
Mixed-3B,final,Mx,4.936608324840672,1.114453049086683
Mixed-3B,final,My,4.181493982924601,1.4635764616555194
Mixed-3B,final,Mxy,5.553284777864512,1.501878728804612
Mixed-3B,final,Qx,14.015153190922476,2.598236444151309
Mixed-3B,final,Qy,5.672178702771522,2.05531166721838
Mixed-3B,final,six_field_mean,6.341838536840366,1.6008524463370257
Mixed-6B,best,w,1.500809636188512,0.07212058302726862
Mixed-6B,best,Mx,2.2190090546180237,0.22721125137232429
Mixed-6B,best,My,1.7400329078323618,0.22104813352692718
Mixed-6B,best,Mxy,2.2277893853933426,0.11508882750398444
Mixed-6B,best,Qx,9.291599521132651,0.25992007769895126
Mixed-6B,best,Qy,2.8721112540804454,0.4805822421304323
Mixed-6B,best,six_field_mean,3.3085586265408895,0.16770467861439098
Mixed-6B,final,w,1.5501802153207975,0.08321800381448985
Mixed-6B,final,Mx,2.2381944480662073,0.23439801804440066
Mixed-6B,final,My,1.7777709410609812,0.2805458453961925
Mixed-6B,final,Mxy,2.2447737172567432,0.12359971298950792
Mixed-6B,final,Qx,9.24679741353972,0.22142865108030818
Mixed-6B,final,Qy,2.895340221316276,0.4851239348677096
Mixed-6B,final,six_field_mean,3.325509492760121,0.17777953152192136
Mixed-1B-Wide,best,w,2.195257404825744,0.1433196241671652
Mixed-1B-Wide,best,Mx,3.110111352908962,0.09613115124823886
Mixed-1B-Wide,best,My,1.9110131064230977,0.21206476623962123
Mixed-1B-Wide,best,Mxy,3.022455663215878,0.17632980979044394
Mixed-1B-Wide,best,Qx,8.156847518482026,0.1389649725612842
Mixed-1B-Wide,best,Qy,2.388245052327379,0.279150329648796
Mixed-1B-Wide,best,six_field_mean,3.4639883496971815,0.12000006278353069
Mixed-1B-Wide,final,w,2.1896946356904032,0.14172461270993458
Mixed-1B-Wide,final,Mx,3.1452232232031068,0.09276450214858525
Mixed-1B-Wide,final,My,2.1003685807316725,0.2221642170003374
Mixed-1B-Wide,final,Mxy,2.9739514255478636,0.17196919947249803
Mixed-1B-Wide,final,Qx,8.177371108393073,0.1756015997663033
Mixed-1B-Wide,final,Qy,2.4207036507524164,0.25040182774457315
Mixed-1B-Wide,final,six_field_mean,3.501218770719756,0.11451371467129808
